{
  "name": "roy",
  "enabled": true,
  "config": {
    "steps": 10,
    "freqs": [120.23903289, 133.40241249, 150.33910195, 164.28304946, 166.9804156, 159.60817939, 147.32113789, 135.72383731, 126.44720804, 120.00669188, 115.99154564, 109.17135118, 106.32898911, 109.54807352, 111.91246651, 111.47542311, 109.78489635, 108.34205781, 105.08216799, 107.65774892, 121.50190084, 140.68520083, 150.49143888, 150.00819854, 139.92005602, 121.66026073, 105.87660221, 100.19295654, 102.99238755, 104.14137459, 105.52687437, 106.84940549, 108.4463431, 113.84424579, 124.7321894, 137.62380298, 150.43506836, 160.01663495],
    "voicenesses": [0.4582711, 0.67411638, 0.92894036, 0.86771538, 0.71587818, 0.66876519, 0.69239672, 0.69879797, 0.87761102, 0.88737825, 0.67247832, 0.59340726, 0.59517337, 0.67631669, 0.77534188, 1.02150012, 0.85307179, 0.77058119, 0.72785768, 0.72182053, 0.76727237, 0.83609012, 1.03549559, 0.88342326, 0.63773764, 0.48222769, 0.42894478, 0.48486481, 0.64278759, 0.92653149, 1.02461915, 0.97684127, 0.97875804, 1.01315864, 0.9301464, 0.76400256, 0.56907125, 0.39262477],
    "tongue_indexes": [20.94535448, 18.86890586, 16.65156782, 17.1045426, 18.82612779, 21.67899784, 22.05973818, 23.18668172, 23.25439725, 23.14076964, 24.66844977, 26.80268903, 27.37778202, 26.17957416, 23.39573425, 22.02019077, 21.48118665, 20.14464971, 21.73924939, 21.6627165, 23.99451943, 23.94753105, 25.80073405, 27.13128273, 26.49251705, 27.75188109, 26.48229901, 25.35595073, 23.78486525, 22.34213346, 21.75711095, 20.47417597, 21.95502002, 20.92001351, 21.57380045, 22.79769012, 24.58136779, 26.54903396],
    "tongue_diams": [2.08678874, 2.40020183, 2.49032448, 2.41184311, 2.20644225, 1.85704588, 1.68886972, 1.89459982, 2.24947458, 2.23608228, 2.33983026, 2.29288458, 1.99885671, 1.9731104, 2.21024628, 2.18914221, 2.05207986, 1.95339346, 1.93310992, 2.03816617, 2.36872896, 2.67946518, 2.64808149, 2.55306344, 2.29126422, 2.10048909, 2.02551373, 1.90867493, 1.92423194, 1.67657358, 1.79013908, 2.24414594, 2.31812019, 2.53893948, 2.48476159, 2.33616834, 1.89576497, 1.69321134],
    "lip_diams": [0.83980944, 0.90567957, 0.89775387, 0.84643026, 0.71640701, 0.63236062, 0.63044231, 0.81550739, 0.96691278, 1.1266329, 1.21692392, 1.15974509, 1.01087353, 0.82587014, 0.72859603, 0.66430022, 0.71537756, 0.69404416, 0.74458383, 0.82133594, 0.91296835, 1.06486308, 1.19581101, 1.25414463, 1.15397328, 1.01325525, 0.88430591, 0.78452493, 0.70511832, 0.76149666, 0.77981169, 0.72817009, 0.76381866, 0.76348401, 0.78056156, 0.79538676, 0.87111849, 0.88185551],
    "constriction_indexes": [39.62685315, 39.69299466, 39.62708799, 39.78054219, 40.03064236, 40.59167631, 41.30596959, 40.71200867, 39.0487421, 36.8467401, 35.30709812, 35.03925493, 36.81853884, 37.90216931, 37.71182593, 37.91048119, 38.06912664, 38.47178454, 39.95160063, 40.54512368, 38.98751624, 37.27961885, 36.62039593, 35.78161578, 35.91958352, 37.62435131, 38.24827027, 39.02904059, 40.30473084, 40.10763661, 38.27816745, 36.85330799, 36.18392095, 35.57351458, 35.61048411, 36.4402485, 36.36578782, 35.93371448],
    "constriction_diams": [0.98437021, 1.09932966, 1.1908048, 1.24564012, 1.08501019, 1.03207712, 0.98835573, 0.97687293, 1.03266279, 1.09840606, 1.09979283, 0.93449754, 0.80226596, 0.69262522, 0.65265209, 0.79042707, 0.87464205, 0.95846988, 1.01841661, 1.03832529, 1.08202345, 1.14737321, 1.21637177, 1.13313803, 1.05421074, 0.93048591, 0.74792298, 0.71190063, 0.77220733, 0.89116639, 1.04833164, 1.13523433, 1.17185392, 1.09554962, 1.03008234, 0.911443, 0.82092921, 0.77516284]
  }
}
